Hugo_Symbol,Chromosome,Start_Position,Variant_Classification,Tumor_Sample_Barcode,HGVSp_Short,Mutation_Group
EGFR,chr7,55143335,Missense_Mutation,TCGA-95-7947-01A-11D-2184-08,p.I91V,Other EGFR Mutation
EGFR,chr7,55201775,Missense_Mutation,TCGA-95-7947-01A-11D-2184-08,p.R1052I,Other EGFR Mutation
EGFR,chr7,55174014,Missense_Mutation,TCGA-44-A4SU-01A-11D-A24P-08,p.G719C,Uncommon Sensitizing
EGFR,chr7,55181312,Missense_Mutation,TCGA-44-A4SU-01A-11D-A24P-08,p.S768I,Uncommon Sensitizing
EGFR,chr7,55191822,Missense_Mutation,TCGA-67-3770-01A-01D-0969-08,p.L858R,L858R
EGFR,chr7,55155838,Missense_Mutation,TCGA-55-7570-01A-11D-2036-08,p.V300M,Other EGFR Mutation
EGFR,chr7,55191822,Missense_Mutation,TCGA-64-1681-01A-11D-2063-08,p.L858R,L858R
EGFR,chr7,55157751,Missense_Mutation,TCGA-78-7155-01A-11D-2036-08,p.Q432H,Other EGFR Mutation
EGFR,chr7,55174798,Missense_Mutation,TCGA-78-7155-01A-11D-2036-08,p.K754I,Other EGFR Mutation
EGFR,chr7,55198717,Missense_Mutation,TCGA-78-7155-01A-11D-2036-08,p.G901V,Other EGFR Mutation
EGFR,chr7,55142382,Missense_Mutation,TCGA-38-4627-01A-01D-1553-08,p.L62R,Other EGFR Mutation
EGFR,chr7,55191822,Missense_Mutation,TCGA-38-4627-01A-01D-1553-08,p.L858R,L858R
EGFR,chr7,55156784,Missense_Mutation,TCGA-78-7147-01A-11D-2036-08,p.L387M,Other EGFR Mutation
EGFR,chr7,55191831,Missense_Mutation,TCGA-78-7147-01A-11D-2036-08,p.L861Q,Uncommon Sensitizing
EGFR,chr7,55202603,Frame_Shift_Del,TCGA-78-7147-01A-11D-2036-08,p.D1083Efs*11,Other EGFR Mutation
EGFR,chr7,55181305,In_Frame_Ins,TCGA-44-5645-01A-51D-A27T-08,p.A767_V769dup,Exon 20 Ins
EGFR,chr7,55191822,Missense_Mutation,TCGA-86-8668-01A-11D-2393-08,p.L858R,L858R
EGFR,chr7,55174797,In_Frame_Del,TCGA-50-6591-01A-11D-1753-08,p.K754_I759del,Other EGFR Mutation
EGFR,chr7,55191746,Missense_Mutation,TCGA-50-6591-01A-11D-1753-08,p.L833V,Other EGFR Mutation
EGFR,chr7,55181378,Missense_Mutation,TCGA-L9-A50W-01A-12D-A397-08,p.T790M,T790M
EGFR,chr7,55191822,Missense_Mutation,TCGA-L9-A50W-01A-12D-A397-08,p.L858R,L858R
EGFR,chr7,55174773,In_Frame_Del,TCGA-55-8206-01A-11D-2238-08,p.E746_A750del,Exon 19 Del
EGFR,chr7,55174774,In_Frame_Del,TCGA-55-8087-01A-11D-2238-08,p.E746_S752delinsV,Exon 19 Del
EGFR,chr7,55181305,In_Frame_Ins,TCGA-44-5645-01B-04D-A271-08,p.A767_V769dup,Exon 20 Ins
EGFR,chr7,55174772,In_Frame_Del,TCGA-17-Z032-01A-01W-0746-08,p.E746_A750del,Exon 19 Del
EGFR,chr7,55191822,Missense_Mutation,TCGA-97-A4M1-01A-11D-A24P-08,p.L858R,L858R
EGFR,chr7,55181324,In_Frame_Ins,TCGA-50-6673-01A-11D-1945-08,p.H773dup,Exon 20 Ins
EGFR,chr7,55181378,Missense_Mutation,TCGA-49-4494-01A-01D-1265-08,p.T790M,T790M
EGFR,chr7,55191822,Missense_Mutation,TCGA-49-4494-01A-01D-1265-08,p.L858R,L858R
EGFR,chr7,55174773,In_Frame_Del,TCGA-50-5935-01A-11D-1753-08,p.E746_A750del,Exon 19 Del
EGFR,chr7,55174772,In_Frame_Del,TCGA-38-6178-01A-11D-1753-08,p.E746_A750del,Exon 19 Del
EGFR,chr7,55174773,In_Frame_Del,TCGA-J2-8192-01A-11D-2238-08,p.E746_A750del,Exon 19 Del
EGFR,chr7,55174772,In_Frame_Del,TCGA-97-8547-01A-11D-2393-08,p.E746_A750del,Exon 19 Del
EGFR,chr7,55160296,Nonsense_Mutation,TCGA-69-7765-01A-11D-2167-08,p.Q486*,Other EGFR Mutation
EGFR,chr7,55191822,Missense_Mutation,TCGA-17-Z047-01A-01W-0747-08,p.L858R,L858R
EGFR,chr7,55174772,In_Frame_Del,TCGA-86-8280-01A-11D-2284-08,p.E746_A750del,Exon 19 Del
EGFR,chr7,55156657,Missense_Mutation,TCGA-05-4410-01A-21D-1855-08,p.R377S,Other EGFR Mutation
EGFR,chr7,55191822,Missense_Mutation,TCGA-97-A4M7-01A-11D-A24P-08,p.L858R,L858R
EGFR,chr7,55181305,In_Frame_Ins,TCGA-44-5645-01A-01D-A271-08,p.A767_V769dup,Exon 20 Ins
EGFR,chr7,55191822,Missense_Mutation,TCGA-67-3770-01A-01W-0928-08,p.L858R,L858R
EGFR,chr7,55181305,In_Frame_Ins,TCGA-44-5645-01A-21D-A27T-08,p.A767_V769dup,Exon 20 Ins
EGFR,chr7,55174772,In_Frame_Del,TCGA-38-4628-01A-01D-1265-08,p.E746_A750del,Exon 19 Del
EGFR,chr7,55181305,In_Frame_Ins,TCGA-44-5645-01A-01D-1625-08,p.A767_V769dup,Exon 20 Ins
EGFR,chr7,55198778,Missense_Mutation,TCGA-95-7039-01A-11D-1945-08,p.S921R,Other EGFR Mutation
EGFR,chr7,55174772,In_Frame_Del,TCGA-86-8074-01A-11D-2238-08,p.E746_A750del,Exon 19 Del
EGFR,chr7,55174776,In_Frame_Del,TCGA-71-6725-01A-11D-1855-08,p.L747_T751delinsP,Exon 19 Del
EGFR,chr7,55174773,In_Frame_Del,TCGA-62-A46U-01A-11D-A24D-08,p.E746_A750del,Exon 19 Del
EGFR,chr7,55191822,Missense_Mutation,TCGA-91-6835-01A-11D-1855-08,p.L858R,L858R
EGFR,chr7,55174772,In_Frame_Del,TCGA-97-8171-01A-11D-2284-08,p.E746_A750del,Exon 19 Del
EGFR,chr7,55181312,Missense_Mutation,TCGA-44-6147-01A-31D-A27T-08,p.S768I,Uncommon Sensitizing
EGFR,chr7,55181314,Missense_Mutation,TCGA-44-6147-01A-31D-A27T-08,p.V769L,Other EGFR Mutation
EGFR,chr7,55174772,In_Frame_Del,TCGA-97-A4M6-01A-11D-A24P-08,p.E746_A750del,Exon 19 Del
EGFR,chr7,55198734,Missense_Mutation,TCGA-78-7158-01A-11D-2036-08,p.L907M,Other EGFR Mutation
EGFR,chr7,55174774,In_Frame_Del,TCGA-05-4425-01A-01D-1753-08,p.E746_S752delinsV,Exon 19 Del
EGFR,chr7,55191822,Missense_Mutation,TCGA-62-8394-01A-11D-2323-08,p.L858R,L858R
EGFR,chr7,55191822,Missense_Mutation,TCGA-86-8075-01A-11D-2238-08,p.L858R,L858R
EGFR,chr7,55173986,In_Frame_Del,TCGA-69-7760-01A-11D-2167-08,p.E709_T710delinsD,Other EGFR Mutation
EGFR,chr7,55152582,Missense_Mutation,TCGA-05-4382-01A-01D-1931-08,p.R222L,Other EGFR Mutation
EGFR,chr7,55163734,Missense_Mutation,TCGA-05-4382-01A-01D-1931-08,p.E545Q,Other EGFR Mutation
EGFR,chr7,55142382,Missense_Mutation,TCGA-71-8520-01A-11D-2393-08,p.L62R,Other EGFR Mutation
EGFR,chr7,55191822,Missense_Mutation,TCGA-71-8520-01A-11D-2393-08,p.L858R,L858R
EGFR,chr7,55174774,In_Frame_Del,TCGA-91-8496-01A-11D-2393-08,p.E746_S752delinsV,Exon 19 Del
EGFR,chr7,55174796,Silent,TCGA-50-5933-01A-11D-1753-08,p.P753=,Other EGFR Mutation
EGFR,chr7,55152547,Splice_Region,TCGA-50-5066-01A-01D-1625-08,p.L210=,Other EGFR Mutation
EGFR,chr7,55174775,In_Frame_Del,TCGA-55-A57B-01A-12D-A397-08,p.L747_T751del,Exon 19 Del
EGFR,chr7,55174776,In_Frame_Del,TCGA-O1-A52J-01A-11D-A25L-08,p.L747_P753delinsQ,Exon 19 Del
EGFR,chr7,55174772,In_Frame_Del,TCGA-75-6207-01A-11D-1753-08,p.E746_A750del,Exon 19 Del
EGFR,chr7,55191822,Missense_Mutation,TCGA-86-8055-01A-11D-2238-08,p.L858R,L858R
EGFR,chr7,55174772,In_Frame_Del,TCGA-62-8402-01A-11D-2323-08,p.E746_A750del,Exon 19 Del
EGFR,chr7,55191822,Missense_Mutation,TCGA-55-8506-01A-11D-2393-08,p.L858R,L858R
EGFR,chr7,55181319,In_Frame_Ins,TCGA-17-Z048-01A-01W-0746-08,p.D770_N771insGL,Exon 20 Ins
EGFR,chr7,55174773,In_Frame_Del,TCGA-MP-A4T6-01A-32D-A25L-08,p.L747_E749del,Exon 19 Del
EGFR,chr7,55181309,In_Frame_Ins,TCGA-62-8397-01A-11D-2323-08,p.S768_D770dup,Exon 20 Ins
EGFR,chr7,55174773,In_Frame_Del,TCGA-97-8552-01A-11D-2393-08,p.E746_A750del,Exon 19 Del
EGFR,chr7,55191748,Missense_Mutation,TCGA-05-5423-01A-01D-1625-08,p.L833F,Other EGFR Mutation
EGFR,chr7,55191831,Missense_Mutation,TCGA-05-5423-01A-01D-1625-08,p.L861Q,Uncommon Sensitizing
EGFR,chr7,55191822,Missense_Mutation,TCGA-55-8096-01A-11D-2238-08,p.L858R,L858R
EGFR,chr7,55174772,In_Frame_Del,TCGA-75-7025-01A-12D-1945-08,p.E746_A750del,Exon 19 Del
EGFR,chr7,55191822,Missense_Mutation,TCGA-49-4490-01A-21D-1855-08,p.L858R,L858R
EGFR,chr7,55191822,Missense_Mutation,TCGA-MP-A4T9-01A-11D-A24P-08,p.L858R,L858R
EGFR,chr7,55174015,Missense_Mutation,TCGA-50-6595-01A-12D-1855-08,p.G719A,Uncommon Sensitizing
EGFR,chr7,55181312,Missense_Mutation,TCGA-50-6595-01A-12D-1855-08,p.S768I,Uncommon Sensitizing
EGFR,chr7,55174775,In_Frame_Del,TCGA-55-6981-01A-11D-1945-08,p.L747_T751del,Exon 19 Del
EGFR,chr7,55174021,Missense_Mutation,TCGA-17-Z026-01A-01W-0746-08,p.G721V,Other EGFR Mutation
EGFR,chr7,55174015,Missense_Mutation,TCGA-55-A48Z-01A-12D-A24P-08,p.G719A,Uncommon Sensitizing
EGFR,chr7,55191831,Missense_Mutation,TCGA-93-A4JP-01D-01D-A38P-08,p.L861Q,Uncommon Sensitizing
EGFR,chr7,55191831,Missense_Mutation,TCGA-93-A4JP-01E-01D-A38P-08,p.L861Q,Uncommon Sensitizing
EGFR,chr7,55191808,Silent,TCGA-67-3771-01A-01W-0928-08,p.I853=,Other EGFR Mutation
EGFR,chr7,55191808,Silent,TCGA-67-3771-01A-01D-1040-01,p.I853=,Other EGFR Mutation
EGFR,chr7,55173986,In_Frame_Del,TCGA-55-6980-01A-11D-1945-08,p.E709_T710delinsD,Other EGFR Mutation
EGFR,chr7,55191831,Missense_Mutation,TCGA-93-A4JP-01A-11D-A24P-08,p.L861Q,Uncommon Sensitizing
EGFR,chr7,55191822,Missense_Mutation,TCGA-50-5944-01A-11D-1753-08,p.L858R,L858R
EGFR,chr7,55174773,In_Frame_Del,TCGA-75-6212-01A-11D-1753-08,p.L747_E749del,Exon 19 Del
EGFR,chr7,55152547,Splice_Region,TCGA-50-5066-02A-11D-2107-08,p.L210=,Other EGFR Mutation
EGFR,chr7,55191822,Missense_Mutation,TCGA-MP-A4SW-01A-21D-A24P-08,p.L858R,L858R
EGFR,chr7,55174791,Frame_Shift_Del,TCGA-05-4402-01A-01D-1265-08,p.S752Pfs*3,Other EGFR Mutation
EGFR,chr7,55191822,Missense_Mutation,TCGA-97-8177-01A-11D-2284-08,p.L858R,L858R
EGFR,chr7,55160233,Missense_Mutation,TCGA-38-4629-01A-02D-1265-08,p.G465R,Other EGFR Mutation
EGFR,chr7,55174773,In_Frame_Del,TCGA-49-4501-01A-01D-1265-08,p.E746_A750del,Exon 19 Del
EGFR,chr7,55173019,Silent,TCGA-49-6743-01A-11D-1855-08,p.G652=,Other EGFR Mutation
EGFR,chr7,55174772,In_Frame_Del,TCGA-44-2661-01A-01D-1105-08,p.E746_A750del,Exon 19 Del
EGFR,chr7,55191822,Missense_Mutation,TCGA-67-6217-01A-11D-1753-08,p.L858R,L858R
EGFR,chr7,55181312,Missense_Mutation,TCGA-44-6147-01B-06D-A271-08,p.S768I,Uncommon Sensitizing
EGFR,chr7,55181314,Missense_Mutation,TCGA-44-6147-01B-06D-A271-08,p.V769L,Other EGFR Mutation
EGFR,chr7,55181312,Missense_Mutation,TCGA-44-6147-01A-11D-A271-08,p.S768I,Uncommon Sensitizing
EGFR,chr7,55181314,Missense_Mutation,TCGA-44-6147-01A-11D-A271-08,p.V769L,Other EGFR Mutation
EGFR,chr7,55181312,Missense_Mutation,TCGA-44-6147-01A-21D-A27T-08,p.S768I,Uncommon Sensitizing
EGFR,chr7,55181314,Missense_Mutation,TCGA-44-6147-01A-21D-A27T-08,p.V769L,Other EGFR Mutation
EGFR,chr7,55181312,Missense_Mutation,TCGA-44-6147-01A-11D-1753-08,p.S768I,Uncommon Sensitizing
EGFR,chr7,55181314,Missense_Mutation,TCGA-44-6147-01A-11D-1753-08,p.V769L,Other EGFR Mutation
